{"cameraMode":{"drawMode":0,"name":"Shaded","section":"Shading Mode"},"sceneLighting":true,"audioPlay":false,"sceneViewState":{"m_AlwaysRefresh":false,"showFog":true,"showSkybox":true,"showFlares":true,"showImageEffects":true,"showParticleSystems":true,"showVisualEffectGraphs":true,"m_FxEnabled":true},"in2DMode":false,"pivot":{"x":-0.3692767322063446,"y":0.8149569034576416,"z":-1.267655611038208},"rotation":{"x":0.001988579984754324,"y":0.9977238774299622,"z":0.05812346562743187,"w":-0.03413457050919533},"size":1.6300781965255738,"orthographic":false}