{"cameraMode":{"drawMode":0,"name":"Shaded","section":"Shading Mode"},"sceneLighting":false,"audioPlay":false,"sceneViewState":{"m_AlwaysRefresh":false,"showFog":true,"showSkybox":false,"showFlares":true,"showImageEffects":true,"showParticleSystems":true,"showVisualEffectGraphs":true,"m_FxEnabled":true},"in2DMode":false,"pivot":{"x":5.960464477539063e-8,"y":0.7141001224517822,"z":0.029300019145011903},"rotation":{"x":0.001988579984754324,"y":0.9977238774299622,"z":0.05812346562743187,"w":-0.03413457050919533},"size":1.0428720712661744,"orthographic":false}